Dataset,Mean_L2,Std_L2,Max_L2,Min_L2
test_unseen,0.051977064,0.020611048,0.12571879,0.013189232
test_seen,0.050936278,0.02016729,0.116679214,0.01401365
