BC_Param,Pearson_Corr,Pearson_P,Spearman_Corr,Spearman_P
a,-0.11478536186980626,0.25546070867988663,-0.05950195019501949,0.5564919988592825
b,0.11478536186980626,0.25546070867988663,0.05950195019501949,0.5564919988592825
c,-0.1257771351076669,0.212428092607762,-0.12456045604560453,0.21692005289291263
d,0.07163567484547088,0.4787831633416574,-0.027446744674467446,0.7863389053441633
