Resolution,Mean_L2,Std_L2,Min_L2,Median_L2,Max_L2,Mean_PDE_Pred,Std_PDE_Pred,Mean_PDE_True,Std_PDE_True
1x,2.3443389277417737e-05,2.092134027031726e-05,6.291196314123226e-06,1.6721723113732878e-05,0.0001608134771231562,0.2275612249225378,0.09617214675601708,0.2275610199943185,0.09617173601493435
2x,1.9844567107156762e-05,2.2257147675229162e-05,2.259422444694792e-06,1.2013795185339404e-05,0.0001613403292139992,0.21990185122936964,0.09306163733213113,0.21990224748849868,0.09306123676339954
4x,5.231190198173863e-05,2.017260058606934e-05,2.7698652047547512e-05,4.8539724957663566e-05,0.00016461538325529546,0.20782348863780498,0.08792262321567648,0.20782390873879195,0.08792199289171093
